0,1,2,3,4,5,6,7,8,9,10,11,12,13,14,15,16,17,18,19,20
인재,개발원,채용,상담회,한국,경제인,협회,전국경제인연합회,채용,상담회,ECC,,,,,,,,,,
채용,산학,협력단,직원,채용,공고,,,,,,,,,,,,,,,
글로벌,소통,교육실,겨울,계절,학기,영어,말하기,프로그램,Speaking,Master,Program,SMaP,등록,안내,,,,,,
언어,교육원,학년도,싱가포르,NTU,공대,위탁,과정,언어,교육원,한국어,도우미,모집,,,,,,,,
교육,혁신,센터,THE,BEST,융합,수업,운영,사례,공유,융합,수업,운영,사례,발표,전시,안내,,,,
인재,개발원,학년도,겨울,방학,현장,실습,모집,안내,,,,,,,,,,,,
학년도,전기,졸업,예정,여부,조회,졸업,의사,신청,관련,안내,,,,,,,,,,
국제,학생증,ISIC,발급,지원,행사,안내,,,,,,,,,,,,,,
학년도,전공,변경,시행,안내,,,,,,,,,,,,,,,,
학년도,시행,안내,,,,,,,,,,,,,,,,,,
국제,교류,싱가포르,Singapore,Management,University,교환,프로그램,설명회,,,,,,,,,,,,
대학,건강,센터,학생,건강,검사,시행,안내,,,,,,,,,,,,,
연구윤리,센터,연구윤리,특강,신청,안내,,,,,,,,,,,,,,,
학부,학년도,학기,이화,플러스,장학금,신청,안내,,,,,,,,,,,,,
다문화,연구소,상호,문화,학술,대회,외국,한국,상호,문화,교육,관점,,,,,,,,,
학부,방일영,문화,재단,장학,선발,안내,북한이탈주민,대학,지원,,,,,,,,,,,
글로벌,소통,교육실,겨울,계절,학기,영어,말하기,프로그램,Speaking,Master,Program,SMaP,등록,안내,,,,,,
글로벌,소통,교육실,겨울,계절,학기,고급,영어,글쓰기,등록,안내,,,,,,,,,,
인권,센터,인권,센터,젠더,교육,플랫폼,폭력,예방,특강,신청,안내,,,,,,,,,
인재,개발원,진로,디자인,세계,진로,특강,ECC,,,,,,,,,,,,,
학부,년도,전기공사공제조합,장학회,장학,선발,안내,,,,,,,,,,,,,,
학생,서비스,센터,물건,확인,,,,,,,,,,,,,,,,
미래,혁신,센터,대학,혁신,지원,사업,학생,인식,조사,시행,안내,,,,,,,,,
채용,사회,과학,대학,사회학,사무실,계약,직원,채용,공고,,,,,,,,,,,
학년도,전공,학과,결정,시행,안내,,,,,,,,,,,,,,,
출판문화,이화,플래너,이화,달력,출시,기념,팝업,스토어,,,,,,,,,,,,
조교,모집,학년도,학기,체육,학부,행정실,조교,모집,,,,,,,,,,,,
학년도,사범대,교직,과정,이수,신청,안내,,,,,,,,,,,,,,
모집,년도,창업,교육,혁신,선도,대학,SCOUT,대학,스타트업,애널리스트,모집,,,,,,,,,
공연,문화,연구,센터,평화,음악회,Hand,in,Hand,at,Seoul,강당,공연,안내,,,,,,,
글로벌,소통,교육실,겨울,계절,학기,고급,영어,글쓰기,EWIS,등록,안내,,,,,,,,,
고전,글쓰기,나눔,리더십,대체,교과목,수강자,학년도,겨울,계절,학기,수강,인정,신청,안내,,,,,,
기업가,센터,겨울,계절,학기,스타트업,인턴십,기업,모집,,,,,,,,,,,,
글로벌,소통,교육실,겨울,계절,학기,영어,스피킹,마스터,프로그램,Speaking,Master,Program,SMaP,등록,안내,,,,,
인재,개발원,채용,상담회,한국,경제인,협회,전국경제인연합회,채용,상담회,ECC,,,,,,,,,,
규칙,공포,교원,종합,평가,세칙,개정,세칙,공포,시행,,,,,,,,,,,
국제,교류,온라인,Global,Intercultural,Dialogue,참가,학생,모집,활동,모집,연장,,,,,,,,,
변리사,변리,시험,합격자,,,,,,,,,,,,,,,,,
미래,혁신,센터,도전,학기,참여,학생,모집,,,,,,,,,,,,,
교육,혁신,센터,best,of,THE,BEST,융합,수업,,,,,,,,,,,,
채용,이화여자대학교,아시아,여성학,센터,전임,연구,인력,채용,공고,,,,,,,,,,,
교육,안내,연구,지식,재산,이해,사전,수강,신청,기간,,,,,,,,,,,
교육,혁신,센터,성공,팀플,학습법,워크숍,운영,안내,,,,,,,,,,,,
대학,건강,센터,피부과,상담,클리닉,안내,,,,,,,,,,,,,,
스크랜튼학부,학년도,스크랜튼,학부,진입,설명회,개최,안내,,,,,,,,,,,,,
글로벌,소통,교육실,학기,사실,근무,조교,모집,,,,,,,,,,,,,
채용,총장실,부총장,업무,지원,계약,직원,모집,,,,,,,,,,,,,
글로벌,소통,교육실,인문,계열,예체능,계열,대상,계절,학기,필수,교양,영어,개설,사전,안내,,,,,
화인,나눔,가게,랭앤루,기부,안내,,,,,,,,,,,,,,,
연장,채용,연구윤리,센터,동물,실험,윤리,위원회,IACUC,생물,안전,위원회,IBC,연구원,모집,공고,,,,,
조교,모집,학기,교목,조교,모집,,,,,,,,,,,,,,,
입학,학년도,전기,공연,예술,대학원,야간,신입,모집,안내,,,,,,,,,,,
통역,번역,대학원,노벨,문학상,수상,작가,클레지오,특별,강연,,,,,,,,,,,
채용,산업,융합,대학,행정실,계약,직원,모집,,,,,,,,,,,,,
학생,서비스,센터,물건,확인,,,,,,,,,,,,,,,,
학년도,전기,외국어,교육,특수,대학원,석사,과정,야간,학기,신입,모집,,,,,,,,,
채용,사회,과학,대학,사회학,사무실,계약,직원,채용,공고,,,,,,,,,,,
인권,센터,인권,센터,젠더,교육,플랫폼,폭력,예방,특강,초대,,,,,,,,,,
국제,학생증,ISIC,발급,지원,행사,안내,,,,,,,,,,,,,,
학사,겨울,계절,학기,필수,교양,영어,College,English,Advanced,English,수작업,수강,신청,안내,,,,,,
경영,대학,행정실,이화,CPA,Day,안내,,,,,,,,,,,,,,
조교,학기,법학전문대학원,행정실,조교,모집,,,,,,,,,,,,,,,
학부,학년도,학기,전공,리더십,장학금,신청,안내,,,,,,,,,,,,,
학부,대학원,재단,To,Know,To,Love,음악회,무료,초대,안내,,,,,,,,,,
사범대,행정실,학년도,교육,행정,고시,특강,안내,,,,,,,,,,,,,
대학,건강,센터,정신,건강,의학과,상담,클리닉,안내,,,,,,,,,,,,
대학,건강,센터,피부과,상담,클리닉,안내,,,,,,,,,,,,,,
학부,년도,두산연강재단,대학,장학,선발,안내,생활비,,,,,,,,,,,,,
마인드,이화,여성,기술,창업,포럼,창업,포텐,,,,,,,,,,,,,
인재,개발원,채용,설명회,OECD,,,,,,,,,,,,,,,,
채용,이화여자대학교,학교,폭력,예방,연구소,연구,교수,채용,공고,,,,,,,,,,,
인재,개발원,방진,방구석,진로,콘서트,BANG,JIN,CON,the,Live,라인업,,,,,,,,,
인재,개발원,이화,멘토링,데이,전략,기획,,,,,,,,,,,,,,
국제,교류,싱가포르,Singapore,Management,University,교환,프로그램,설명회,,,,,,,,,,,,
국제,교류,온라인,Global,Intercultural,Dialogue,참가,학생,모집,활동,,,,,,,,,,,
채용,임상,치의학,대학원,행정실,계약,직원,모집,공고,연장,,,,,,,,,,,
여성,가족부,여성,청소년,생리,용품,바우처,지원,안내,홍보,,,,,,,,,,,
채용,이화여자대학교,기숙사,행정실,계약,직원,채용,공고,,,,,,,,,,,,,
인재,개발원,겨울,방학,현장,실습,설명회,진행,안내,,,,,,,,,,,,
학부,년도,제4기,경원,장학,재단,장학,선발,안내,,,,,,,,,,,,
학부,충남,뿌리,장학,선발,안내,,,,,,,,,,,,,,,
겨울,계절,학기,영어,스피킹,특화,프로그램,Speaking,Master,Program,개설,,,,,,,,,,
겨울,계절,학기,영어,글쓰기,특화,프로그램,고급,영어,글쓰기,개설,,,,,,,,,,
학생,서비스,센터,물건,확인,,,,,,,,,,,,,,,,
대학,건강,센터,인플루엔자,계절,독감,예방,접종,시행,안내,,,,,,,,,,,
인재,개발원,취업,MC,경험,실무진,ONEDAY,면접,안내,,,,,,,,,,,,
인재,개발원,방진,방구석,진로,콘서트,BANG,JIN,CON,the,Live,라인업,,,,,,,,,
대학원,학기,일반,대학원,우수,연구,장학금,신청,안내,,,,,,,,,,,,
학부,학년도,겨울,계절,학기,국내,대학,학점,교류,수강,안내,,,,,,,,,,
ALPS,동창회,기금,재학,장학,기금,마련,기증,바자회,개최,안내,,,,,,,,,,
학년도,학기,입학,학부,일반,대학원,논문,제출,자격,부여,일반,대학원,학부,졸업,논문,제출,자격,부여,학부,신청,안내
인사,이화여자대학교,직원,채용,공고,,,,,,,,,,,,,,,,
학부,년도,대산농촌재단,장학,선발,안내,,,,,,,,,,,,,,,
학사,학년도,학기,학부,대학원,중간,강의,평가,안내,,,,,,,,,,,,
학부,대학원,한국장학재단,특별,상환,유예,제도,시행,안내,,,,,,,,,,,,
마인드,조교,모집,여성,지도력,개발,센터,연구,장학,조교,모집,공고,,,,,,,,,
경영,연구소,세미나,개인,정보,보호,데이터,활용,개인,연합,학습,클라이언트,클러스터,연구,,,,,,,
학부,학년도,학기,장학,선발,안내,,,,,,,,,,,,,,,
인공,지능,대학,행정실,학년도,학기,학생,조교,모집,,,,,,,,,,,,
채용,언어,교육원,한국어,교육부,객원,강사,모집,겨울,학기,학기,,,,,,,,,,
총무,본교,대표,전화,교환,근무,계약,직원,모집,,,,,,,,,,,,
채용,사범대학,국어교육,사무실,계약,직원,채용,공고,,,,,,,,,,,,,
채용,약학,대학,행정실,계약,직원,모집,지원,,,,,,,,,,,,,
학부,학년도,학기,영어,정보,인증,신청,,,,,,,,,,,,,,
조교,학기,법학전문대학원,행정실,조교,모집,,,,,,,,,,,,,,,
대학,건강,센터,서버,보수,완료,안내,,,,,,,,,,,,,,
학생,서비스,센터,물건,확인,,,,,,,,,,,,,,,,
모집,시간,이화,여성,기술,창업,포럼,창업,포텐,,,,,,,,,,,,
채용,연구윤리,센터,동물,실험,윤리,위원회,IACUC,생물,안전,위원회,IBC,연구원,모집,공고,,,,,,
대학,건강,센터,서버,긴급,보수,관련,이용,안내,,,,,,,,,,,,
모집,이화,스타트업,아카데미,Lab,to,Scale,Up,수강,모집,,,,,,,,,,,
이화,저널리즘,데이,참가,신청,안내,언론,관련,교과,교과,프로그램,,,,,,,,,,
채용,국제,대학원,행정,직원,모집,공고,Ewha,KOICA,프로그램,,,,,,,,,,,
교목,학기,졸업,채플,사진,공모,,,,,,,,,,,,,,,
교목,학기,졸업,채플,소감,모집,,,,,,,,,,,,,,,
교목,학기,이화,감사,페스티벌,참가,안내,,,,,,,,,,,,,,
TELOS,트랙,학년도,학기,TELOS,트랙,신청,안내,금일,자정,마감,,,,,,,,,,
조교,모집,여성,지도력,개발,센터,연구,조교,모집,공고,,,,,,,,,,,
인재,개발원,이화,멘토링,데이,영업,마케팅,MD,,,,,,,,,,,,,
입학,디자인,대학원,학년도,전기,신입,모집,안내,,,,,,,,,,,,,
학부,학기,성남시,다자녀,대학생,장학금,신청,안내,,,,,,,,,,,,,
사회봉사,학년도,겨울,국내,이화,봉사단,봉사,단원,모집,,,,,,,,,,,,
학사,평생교육사,자격증,발급,신청,안내,,,,,,,,,,,,,,,
교육,혁신,센터,MOOC,특강,초대,,,,,,,,,,,,,,,
홍보,아이디어,공모전,온라인,투표,,,,,,,,,,,,,,,,
안전,ECC,승강기,운행,중단,안내,,,,,,,,,,,,,,,
모집,창업,동아리,ORDA,,,,,,,,,,,,,,,,,
조교,모집,이화,여자,대학교,학교,폭력,예방,연구소,조교,모집,,,,,,,,,,
학생,상담,센터,학기,심리,교육,워크숍,개설,안내,,,,,,,,,,,,
학생,지원,학관,연습실,유레카,공간,사용,신청,관련,안내,유레카,시스템,예약,,,,,,,,
채용,이화,의학,교육,센터,계약직,연구원,채용,공고,수정,,,,,,,,,,,
TELOS,트랙,학년도,학기,TELOS,트랙,신청,안내,금요일,마감,,,,,,,,,,,
학생,서비스,센터,물건,확인,,,,,,,,,,,,,,,,
대학,건강,센터,산부인과,상담,클리닉,시행,안내,,,,,,,,,,,,,
채용,국제,대학원,행정,직원,모집,공고,이화,Frontier,사업단,,,,,,,,,,,
이화,저널리즘,데이,참가,신청,안내,기자,선배,,,,,,,,,,,,,
조교,모집,여성,지도력,개발,센터,연구,조교,모집,공고,,,,,,,,,,,
한국대학사회봉사협의회,월드,프렌즈,코리아,WFK,청년,봉사단,단원,모집,겨울,방학,활동,,,,,,,,,
학부,STX,장학,재단,장학금,신청,안내,,,,,,,,,,,,,,
이화문예,공모전,시조,단편,소설,수필,마감,,,,,,,,,,,,,,
TELOS,트랙,학년도,학기,TELOS,트랙,신청,안내,,,,,,,,,,,,,
대학,건강,센터,피부과,상담,클리닉,안내,,,,,,,,,,,,,,
사범대,행정실,학년도,교육,행정,고시,특강,안내,,,,,,,,,,,,,
홍보,아이디어,공모전,개최,모집,,,,,,,,,,,,,,,,
대학,건강,센터,학생,건강,검사,시행,안내,,,,,,,,,,,,,
다문화,연구소,볼리비아,상호,문화,대화,Intercultural,Dialogue,개최,,,,,,,,,,,,
모집,인문,융합,전공,글로벌,영상,예술사,학년도,학기,수업,조교,모집,마감,,,,,,,,
이수,매니지먼트,주식,회사,관리자,채용,공고,,,,,,,,,,,,,,
교내,셔틀버스,운행,기간,안내,,,,,,,,,,,,,,,,
추석,연휴,기간,학생,식당,운영,안내,,,,,,,,,,,,,,
건축,ECC,삼성,무대,시설,복구,공사,안내,,,,,,,,,,,,,
학년도,전기,교육대학원,입학,설명회,온라인,메타버스,개최,신입,모집,안내,,,,,,,,,,
학생,서비스,센터,물건,확인,,,,,,,,,,,,,,,,
규칙,공포,이화여자대학교,직제,개정,직제,공포,시행,,,,,,,,,,,,,
이화,상점,기념품,기념품점,이전,오픈,이벤트,안내,오픈,,,,,,,,,,,,
청탁,금지법,시행령,개정,선물,가액,범위,안내,추석,선물,가액,확인,,,,,,,,,
학년도,전기,외국어,교육,특수,대학원,석사,학위,과정,야간,학기,신입,모집,,,,,,,,
학년도,전기,전문,특수,대학원,모집,안내,,,,,,,,,,,,,,
채용,임상,치의학,대학원,행정실,계약,직원,모집,공고,,,,,,,,,,,,
생명,의료법,연구소,Yann,Joly,교수,특별,강연,안내,,,,,,,,,,,,
인재,개발원,이화,멘토링,데이,영업,마케팅,MD,lobal.ver,,,,,,,,,,,,
수업,지원,조교,모집,여성,학과,화3,금3,수업,수업,조교,모집,,,,,,,,,
채용,자연,과학,대학,행정실,계약,직원,모집,공고,,,,,,,,,,,,
TELOS,트랙,학년도,학기,TELOS,트랙,신청,안내,,,,,,,,,,,,,
경영,대학,행정실,추가,학기,수업,조교,모집,공고,수정,,,,,,,,,,,
농림,축산,식품부,아침밥,학생,만족도,조사,실시,안내,,,,,,,,,,,,
교육,혁신,센터,조교,모집,,,,,,,,,,,,,,,,
대학,혁신,지원,사업,대학,혁신,지원,사업,리더스,포럼,마포,신촌,지역,대학,연합,주차,,,,,
학부,학년도,학기,국가,장학금,유형,편입,지원,특별,구제,신청,안내,,,,,,,,,
이화,상점,카페,학생,문화관,오픈,이벤트,안내,오픈,,,,,,,,,,,,
학부,년도,학기,안산시,대학,본인,부담,등록금,지원,안내,,,,,,,,,,,
학부,학기,고양시,대학,본인,부담,등록금,지원,안내,,,,,,,,,,,,
조교,모집,이화여대,언어,교육원,학기,디자인,조교,모집,,,,,,,,,,,,
학기,장애,학생,도우미,추가,모집,대학원,학생,가능,,,,,,,,,,,,
수업,조교,모집,여성,학과,학기,조교,모집,,,,,,,,,,,,,
TELOS,트랙,학년도,학기,TELOS,트랙,신청,안내,,,,,,,,,,,,,
공무원,시험,기술,합격,,,,,,,,,,,,,,,,,
사회봉사,겨울,해외,이화,봉사단,캄보디아,추가,모집,내일,,,,,,,,,,,,
특수,교육,연구소,이화,특수,교육,학술,대회,개최,안내,,,,,,,,,,,
학생,서비스,센터,물건,확인,,,,,,,,,,,,,,,,
모집,이화,비즈니스,플랜,창업,경진,대회,참여,모집,안내,,,,,,,,,,,
인권,센터,인권,폭력,예방,교육,법정,의무,교육,수강,안내,,,,,,,,,,
인권,센터,서울시,폭력,예방,교육,교육,수요,조사,,,,,,,,,,,,
동양,철학,원전,강독,장자,내편,세미나,,,,,,,,,,,,,,
채용,이화여자대학교,자연대,생명,과학,전공,사무실,계약,직원,채용,,,,,,,,,,,
이화여대,인공지능,융합,혁신,대학원,사업,산학,협력,포럼,초대,,,,,,,,,,,
채용,사범대학,국어교육,사무실,계약,직원,채용,공고,,,,,,,,,,,,,
대학,건강,센터,추석,연휴,감염병,예방,준수,사항,안내,,,,,,,,,,,
조교,모집,건축학,전공,조교,모집,,,,,,,,,,,,,,,
대학원,학기,대학원,FAIR,전공,박람회,개최,안내,,,,,,,,,,,,,
사회봉사,학기,전공,연계,봉사,소모임,동아리,봉사,활동,프로그램,공모,안내,,,,,,,,,
학부,수림,재단,동교,인재,선발,안내,,,,,,,,,,,,,,
대학,건강,센터,정신,건강,의학과,상담,클리닉,안내,,,,,,,,,,,,
입학,학년도,전기,데이터,사이언스,대학원,신입,모집,안내,,,,,,,,,,,,
TELOS,트랙,학년도,학기,TELOS,트랙,신청,안내,,,,,,,,,,,,,
학생,지원,학년도,학기,학생,학술,활동,지원,안내,,,,,,,,,,,,
모집,이화,스타트업,캠프,Ewha,Lab,Start,Up,Camp,참여,대학원,창업,동아리,모집,,,,,,,
학부,학년도,학기,복수,전공,신청,취소,안내,,,,,,,,,,,,,
학기,일반,대학원,부전공,신청,취소,안내,,,,,,,,,,,,,,
대학,혁신,지원,사업,대학,혁신,지원,사업,리더스,포럼,마포,신촌,지역,대학,연합,,,,,,
문화예술,교육사,역량,강화,특강,문화,예술,치유,프로그램,이해,안내,,,,,,,,,,
건축학,전공,학기,조교,모집,추가,연장,,,,,,,,,,,,,,
조교,모집,학년도,전기,일반,대학원,전형,관리,조교,모집,,,,,,,,,,,
학생,서비스,센터,물건,확인,,,,,,,,,,,,,,,,
화인,나눔,가게,스파오,미쏘,기부,안내,,,,,,,,,,,,,,
도서관,이용자,만족도,조사,실시,선물,증정,,,,,,,,,,,,,,
출판문화,신간,안내,시민,생활,민사,생활법률,강의,,,,,,,,,,,,,
서울시,청년,주간,행사,홍보,,,,,,,,,,,,,,,,
학기,장애,학생,도우미,국가,근로,장학,모집,교과목,업데이트,,,,,,,,,,,
모집,학년도,학기,커뮤니케이션,미디어,학부,대학원,수업,조교,모집,기간,연장,,,,,,,,,
조교,모집,간호학,수업,조교,모집,,,,,,,,,,,,,,,
조교,모집,학기,교목,조교,모집,마감,,,,,,,,,,,,,,
교육,혁신,센터,학년도,학기,학습법,워크숍,운영,안내,,,,,,,,,,,,
TELOS,트랙,학년도,학기,TELOS,트랙,신청,안내,,,,,,,,,,,,,
채용,이화여자대학교,산학,협력단,직원,사업,관리,정산,채용,공고,,,,,,,,,,,
조교,모집,건축학,전공,조교,모집,,,,,,,,,,,,,,,
정책과학,대학원,학년도,학기,학생,조교,모집,마감,,,,,,,,,,,,,
조교,모집,학기,수학과,조교,모집,,,,,,,,,,,,,,,
교육,혁신,센터,맞춤,튜터링,튜터,학생,모집,안내,,,,,,,,,,,,